rs6506537,rs1021303,rs380914,rs3768939,rs4150161,rs31864,rs1925458,rs991316,rs1799945,rs12509878,SEX,H0
0,0,1,0,1,0,0,0,1,2,0,0
1,1,0,2,1,0,0,0,2,1,2,0
2,0,0,0,1,0,1,0,0,1,0,0
0,0,1,0,1,0,1,1,1,2,0,0
0,0,1,0,2,0,0,0,0,1,2,1
1,0,0,1,2,0,0,0,2,1,2,0
0,0,0,0,0,2,2,1,1,0,0,0
2,0,2,0,2,0,0,0,1,1,0,1
1,0,2,0,1,0,1,0,1,0,2,1
0,1,0,0,0,0,2,2,0,1,2,1
0,0,0,2,1,0,0,0,0,1,0,0
0,0,0,2,0,0,1,0,0,0,2,0
0,0,0,1,0,0,1,1,0,1,0,1
0,0,1,0,1,0,2,1,1,2,0,0
0,0,1,1,0,0,2,1,0,1,0,1
1,1,2,1,0,0,1,1,1,1,2,0
0,0,0,1,0,1,1,0,1,1,0,1
0,1,0,0,0,0,1,0,1,1,0,0
0,0,0,0,0,0,0,1,1,0,2,0
0,0,1,1,1,0,1,0,1,1,0,1
0,0,0,0,0,0,0,1,1,1,2,1
1,0,1,0,1,0,0,0,0,0,2,0
0,0,1,1,0,0,2,0,0,1,2,1
0,0,1,1,1,0,2,0,1,0,2,0
0,1,0,0,1,0,0,0,0,1,2,1
0,0,0,0,0,0,0,0,1,0,2,0
1,0,0,0,1,0,2,0,1,0,2,1
0,1,1,0,1,0,2,1,0,1,0,0
1,0,0,0,0,0,1,0,1,1,2,0
1,0,2,0,1,0,1,0,0,1,2,1
0,0,0,0,0,1,1,0,0,1,0,0
0,0,1,0,1,0,1,0,1,2,2,0
1,0,1,1,0,0,1,0,1,1,2,0
0,1,0,1,1,0,2,1,1,1,0,1
0,0,0,1,0,0,0,1,0,1,2,1
0,0,1,0,0,0,2,0,1,1,0,0
2,0,1,1,1,0,1,1,0,2,0,1
2,0,1,0,0,0,1,0,0,1,0,0
0,0,1,0,1,0,1,0,1,1,0,1
0,0,1,1,1,0,1,1,1,1,0,1
0,0,0,1,2,0,1,1,2,0,2,0
0,0,1,0,0,0,1,1,2,1,0,0
2,0,1,1,0,0,1,1,0,2,0,0
0,0,1,0,0,0,1,0,1,0,2,0
0,0,1,0,0,0,1,0,2,1,2,0
0,0,2,0,0,0,1,0,1,0,2,0
0,0,1,1,1,0,1,0,1,2,2,0
1,0,0,0,1,0,2,0,2,2,2,0
1,0,0,0,1,0,2,0,1,1,2,0
0,0,0,0,1,0,2,0,2,0,2,0
0,1,0,0,0,0,1,1,1,0,0,0
0,0,0,1,0,0,0,0,1,0,0,0
0,0,0,0,1,0,1,0,2,1,0,0
2,1,0,1,1,0,0,0,1,2,0,0
0,0,0,1,0,0,0,1,1,1,2,0
0,0,1,0,1,0,0,0,2,2,2,0
0,0,0,0,0,0,1,0,0,1,2,0
0,1,0,0,1,0,1,0,0,1,0,0
0,1,0,0,0,0,0,0,1,1,0,0
0,0,0,0,0,0,0,2,2,1,0,0
1,0,1,0,0,0,1,0,0,1,2,1
0,0,0,1,0,0,0,0,1,2,0,0
0,0,1,0,0,0,2,0,0,1,0,0
0,0,1,0,1,0,0,0,1,0,0,0
0,0,1,0,0,1,1,1,0,1,2,0
2,0,1,1,0,2,2,1,0,1,2,0
2,1,1,1,0,1,1,0,0,2,0,0
0,1,0,0,1,0,1,0,0,2,0,0
0,0,0,2,0,0,1,0,0,0,2,0
1,0,0,0,1,0,0,0,0,1,2,0
0,0,1,0,0,0,2,1,1,2,2,0
0,0,0,0,2,0,1,1,0,1,2,0
1,0,0,0,0,0,0,0,1,1,2,1
0,1,0,0,0,0,1,0,0,1,0,0
2,0,0,0,0,0,1,0,0,1,0,0
0,1,0,1,0,0,1,0,0,2,0,0
1,0,0,1,0,0,1,0,1,2,2,0
0,0,0,0,0,0,1,0,1,0,0,1
0,0,0,0,0,0,1,0,0,1,0,1
0,0,1,0,0,0,2,0,1,1,0,0
0,0,1,1,0,0,2,0,0,0,2,0
0,0,0,0,1,0,0,1,0,2,2,1
0,1,0,0,0,0,2,0,2,1,2,0
0,1,2,0,0,0,0,1,0,2,0,0
1,0,0,2,0,0,1,0,1,0,2,0
1,0,1,0,0,0,0,0,2,1,2,0
0,1,0,0,1,0,1,2,1,0,2,0
0,0,1,0,1,1,1,0,1,0,0,1
0,1,0,0,0,0,2,2,1,1,2,0
0,1,2,0,0,0,0,0,0,2,0,0
0,1,1,0,0,0,0,1,0,1,0,0
1,0,0,0,0,0,1,1,0,1,2,1
0,0,1,0,1,0,1,0,1,1,0,0
0,1,1,0,1,0,1,0,1,0,0,0
2,1,0,0,0,0,0,1,1,2,0,0
0,0,0,0,1,0,1,1,1,2,0,1
0,0,0,0,1,0,1,1,0,2,0,1
0,0,0,0,1,0,2,1,2,2,0,0
0,0,1,1,1,0,0,0,0,2,2,1
1,1,0,0,1,0,0,1,1,1,2,0
0,0,0,0,0,0,0,2,1,2,2,0
0,1,1,0,0,1,2,1,1,2,2,0
0,0,1,1,0,1,0,1,0,0,0,1
0,0,0,1,1,0,1,0,0,0,0,1
0,1,1,0,0,0,1,0,1,0,2,1
0,0,0,0,0,1,0,0,0,2,2,1
0,0,1,0,0,1,2,0,0,1,2,0
0,0,0,0,0,0,0,1,1,1,2,0
0,0,0,1,0,0,2,1,1,0,2,0
0,0,1,1,0,0,0,1,1,0,0,0
1,1,1,0,0,0,2,0,1,0,2,0
0,0,0,0,2,0,1,0,0,2,2,0
0,0,0,0,1,0,0,0,0,1,0,0
2,0,0,1,0,0,2,1,0,1,0,1
0,0,0,0,1,0,0,0,0,1,2,0
0,0,0,0,0,0,0,0,0,0,0,1
0,0,0,0,1,0,0,0,0,1,0,0
0,0,1,0,0,0,0,0,1,0,2,0
0,1,2,0,1,0,0,0,1,1,0,0
0,0,1,1,1,0,1,0,2,1,0,0
1,0,1,0,0,0,0,0,0,1,2,0
1,0,0,1,0,0,1,0,2,2,2,0
1,0,0,0,0,0,1,0,1,1,2,1
0,0,0,0,0,0,0,2,2,1,0,1
0,0,0,0,1,0,0,0,0,1,2,1
0,0,1,1,0,0,1,1,0,1,0,1
0,0,0,1,0,1,0,0,0,1,2,1
0,0,0,1,1,0,0,1,1,2,2,1
0,0,0,0,0,1,2,0,0,1,2,0
0,0,0,1,0,0,2,0,0,1,0,0
2,0,2,2,0,0,0,0,0,1,2,0
1,0,0,1,1,1,2,0,0,1,2,0
0,0,1,0,0,0,1,0,0,1,2,0
1,0,0,0,0,0,1,1,0,1,2,1
0,0,0,1,0,0,1,0,0,0,0,0
0,0,0,1,0,0,1,0,0,0,2,0
0,0,0,1,1,1,2,1,1,0,2,0
1,0,0,0,0,0,0,0,2,0,2,0
2,0,1,0,0,0,2,1,2,1,2,1
0,0,0,0,0,0,2,0,2,2,2,0
0,1,2,1,1,0,1,0,0,0,2,1
1,1,0,0,0,0,2,1,1,2,2,0
2,1,0,1,1,0,1,0,0,1,0,1
1,0,0,0,0,0,2,0,1,1,2,0
0,0,1,0,1,0,1,1,1,0,2,1
0,0,0,0,1,0,0,2,1,0,2,0
0,0,1,0,0,1,1,0,0,0,2,1
0,0,0,0,1,0,1,0,0,0,2,1
0,1,0,1,1,0,0,0,0,2,0,1
1,0,0,1,1,0,0,0,0,1,2,1
0,1,1,0,1,0,1,0,2,1,2,1
0,1,0,0,0,0,1,1,2,1,2,0
1,0,1,0,1,1,1,0,1,0,2,0
0,0,2,0,2,0,2,0,1,1,2,0
1,0,0,0,1,0,1,0,0,1,2,0
0,0,0,1,0,0,0,0,0,0,0,1
0,1,0,0,0,0,1,0,1,2,0,0
0,0,0,1,0,0,1,0,0,1,2,0
0,0,0,1,1,0,1,1,1,0,0,0
0,1,2,0,1,0,0,0,2,1,0,0
0,0,1,1,1,0,1,1,1,1,2,0
0,1,0,0,0,1,0,0,1,1,0,1
0,0,0,0,0,1,0,0,1,1,0,0
1,0,0,0,0,0,1,0,1,0,2,1
0,0,1,0,1,0,1,0,1,2,2,0
0,0,0,0,0,0,2,1,2,1,0,1
0,0,1,0,0,0,1,0,2,0,0,0
1,0,0,0,1,0,1,0,1,0,2,0
0,0,1,0,1,0,0,1,0,1,2,0
0,0,1,0,2,0,0,0,0,2,2,0
1,0,1,0,0,0,1,1,2,0,2,0
0,0,0,0,0,1,1,0,0,1,2,1
0,0,1,0,1,0,1,1,1,1,0,1
1,0,1,0,0,0,0,0,2,1,2,0
2,0,1,0,0,0,1,1,1,1,0,0
2,0,0,0,1,0,1,1,1,1,0,0
0,0,0,0,0,0,2,1,1,1,2,0
1,0,0,1,1,1,1,1,1,0,2,0
0,1,1,0,0,0,0,0,1,1,0,0
0,0,1,1,0,0,1,0,1,2,0,0
0,0,0,1,1,0,2,0,0,1,2,0
0,1,0,1,2,0,0,1,1,1,0,0
0,0,0,1,1,0,0,1,2,0,2,0
0,2,0,0,1,0,1,0,1,1,0,0
0,0,0,0,0,0,2,0,2,1,2,0
0,0,0,0,0,0,1,0,1,1,2,0
0,0,0,0,1,0,1,0,1,2,0,0
2,0,0,0,0,1,1,1,2,0,0,0
0,1,1,1,0,0,2,1,0,2,0,0
1,0,1,1,0,0,1,1,1,1,2,0
0,1,0,1,1,0,1,0,0,2,0,1
0,0,0,1,0,0,0,0,0,1,0,0
1,0,1,0,1,0,0,0,1,0,2,1
2,0,0,0,0,0,1,0,0,1,0,0
0,0,1,2,1,1,0,1,0,0,2,1
0,2,0,1,0,0,0,0,0,1,2,1
0,2,0,1,0,0,1,0,0,1,2,0
1,0,0,0,0,0,1,0,2,1,2,0
0,0,0,1,0,0,0,0,2,0,2,0
0,0,0,0,1,0,2,1,2,1,2,0
0,0,1,0,1,0,0,0,1,1,2,0
1,0,0,0,0,0,0,1,0,0,2,0
2,0,0,0,0,1,1,1,1,0,0,0
0,0,0,1,0,0,1,0,2,0,0,0
0,0,1,1,0,0,2,1,2,0,2,1
1,0,0,2,1,0,1,1,1,1,2,0
0,1,0,1,0,1,1,1,0,0,2,0
2,1,1,1,0,0,1,1,0,1,2,0
0,2,0,1,1,0,0,1,2,1,0,0
0,0,0,1,0,1,0,1,0,0,2,1
0,0,0,0,0,0,1,1,1,1,2,0
0,0,1,0,1,0,0,1,1,1,2,0
0,0,0,0,0,0,0,1,1,1,2,0
0,2,0,0,0,0,0,1,0,2,0,0
2,1,1,1,0,0,1,1,0,1,0,1
0,2,0,0,0,0,0,1,0,2,2,1
1,1,0,1,2,0,2,1,1,1,0,1
0,2,0,0,1,1,0,0,0,0,2,1
0,0,2,0,0,0,1,1,2,2,2,0
0,0,0,0,1,1,1,1,1,1,2,0
0,1,0,0,0,0,1,0,1,0,0,0
0,0,0,0,0,0,1,1,0,1,0,0
0,0,1,0,0,0,1,1,0,2,0,0
0,1,0,0,0,0,1,1,1,1,2,0
0,1,0,0,0,0,1,1,0,2,2,0
0,0,1,0,0,0,1,1,0,2,0,0
0,0,0,0,1,0,1,1,1,2,0,0
0,1,1,0,1,0,1,0,1,0,2,0
0,1,0,1,2,0,1,0,2,1,0,0
0,1,1,1,1,0,1,0,2,0,0,0
0,0,0,0,0,0,1,0,1,0,2,0
1,1,0,0,0,0,0,0,2,1,2,0
1,1,1,2,2,0,0,1,1,1,2,0
2,1,0,0,1,0,1,1,0,0,2,1
2,1,0,0,0,0,1,0,0,0,2,0
0,1,1,1,0,0,2,1,1,2,0,0
0,0,1,1,2,0,1,0,0,0,2,0
0,0,0,0,2,0,2,0,0,1,2,0
0,0,0,0,0,0,0,0,1,2,2,0
0,0,2,0,0,0,0,1,1,1,2,1
0,0,0,1,2,1,2,0,0,1,0,0
0,0,0,0,0,0,2,0,0,1,0,0
0,0,1,0,1,1,0,1,0,2,2,0
0,0,2,1,0,0,0,1,2,1,0,1
0,0,1,0,0,0,0,1,0,0,2,1
0,0,1,0,1,1,0,1,0,2,0,0
0,1,0,2,1,0,1,0,1,0,2,0
0,1,1,0,1,0,1,1,2,1,0,1
0,0,1,0,2,0,1,0,1,0,0,0
1,1,0,0,1,0,0,0,2,1,2,0
0,0,1,1,1,0,0,1,2,2,0,1
0,0,2,1,1,0,0,0,2,2,2,0
1,0,0,0,0,0,2,1,1,1,2,0
0,1,0,0,0,2,0,0,0,0,0,0
1,0,0,0,0,0,1,1,1,1,2,0
1,0,0,0,0,0,0,1,0,0,2,0
1,0,0,1,0,1,1,0,1,1,2,0
0,0,2,1,0,0,0,1,2,1,0,0
0,0,0,1,1,0,0,1,0,2,2,0
1,0,1,2,0,0,0,1,1,0,2,0
0,0,1,1,1,0,1,0,0,2,0,0
0,0,1,0,1,0,1,1,1,1,0,0
2,0,1,0,0,1,0,0,1,0,0,0
0,0,0,1,1,0,0,0,2,1,0,1
0,0,0,0,0,0,0,2,0,2,2,0
0,1,0,0,1,0,1,0,0,0,2,0
0,0,0,1,0,0,0,0,0,0,0,0
0,0,1,0,1,0,1,0,1,1,2,0
0,0,0,0,1,0,1,0,0,1,2,0
0,0,1,0,1,0,1,1,1,2,2,0
0,1,0,0,1,0,2,1,1,1,0,0
1,1,0,0,1,0,1,0,1,0,2,0
1,1,1,1,0,0,1,0,0,1,2,1
0,0,1,1,1,0,0,0,0,1,0,0
1,0,1,1,1,1,1,0,0,1,2,0
0,0,1,1,2,1,0,1,1,1,2,1
0,0,0,0,1,1,0,1,0,2,0,1
0,1,0,0,1,0,2,0,1,0,2,1
0,2,0,0,2,0,1,0,0,0,0,0
1,0,1,1,0,0,0,1,0,0,2,0
0,0,2,2,0,0,2,0,1,0,0,1
0,0,0,1,0,0,0,0,1,0,2,1
0,0,0,1,0,0,1,0,0,0,0,1
1,0,1,0,0,0,2,0,0,1,2,1
0,1,1,0,0,0,0,0,1,0,2,0
0,0,0,0,1,1,2,0,1,1,2,0
0,1,1,0,0,0,0,0,0,2,2,0
0,1,1,0,0,0,0,0,0,1,0,0
0,0,0,0,1,1,2,0,0,0,2,0
0,1,0,0,0,0,1,0,1,1,2,1
2,0,1,0,0,0,1,0,1,1,0,0
0,0,0,0,1,0,1,0,0,1,2,1
1,1,0,2,1,0,1,0,1,1,2,0
0,0,1,1,0,1,0,1,1,1,0,0
0,0,0,0,2,0,0,1,1,1,0,0
0,0,1,1,1,0,1,1,2,2,2,0
2,0,0,0,1,0,1,2,1,1,0,1
0,0,0,0,2,0,0,0,0,2,2,0
0,0,0,0,0,0,0,1,1,1,2,0
0,0,0,0,0,0,1,0,1,0,0,0
0,0,0,0,0,0,1,1,1,0,0,0
0,2,0,0,1,1,2,0,2,1,0,1
1,1,1,0,0,0,1,1,2,2,2,1
0,0,0,1,0,0,1,0,2,1,2,0
0,0,0,2,0,0,0,1,1,2,0,1
0,0,0,0,0,0,1,0,2,1,2,1
0,1,1,1,0,0,1,1,0,1,0,0
0,0,0,0,0,0,1,0,1,1,2,1
0,0,2,1,0,0,1,0,0,0,2,1
0,0,0,1,0,1,1,0,0,1,2,0
0,0,0,1,1,0,1,1,0,0,0,1
0,0,0,0,0,0,1,0,1,0,2,0
0,1,0,1,1,0,1,0,0,1,2,0
0,2,0,0,0,1,0,1,1,1,0,0
0,0,0,0,1,0,2,1,1,1,2,0
0,1,0,1,0,0,0,0,1,1,0,1
1,1,0,2,1,0,1,1,1,2,2,0
0,0,0,1,1,0,2,0,0,0,2,1
0,0,0,1,0,0,1,0,1,0,2,0
2,0,0,0,0,0,1,1,1,1,0,1
0,0,1,0,2,0,1,0,0,1,0,0
0,0,0,1,1,0,2,1,1,2,2,1
0,0,0,1,0,0,0,0,0,0,2,0
0,1,0,1,1,0,1,0,0,0,2,0
0,0,0,1,0,1,0,2,0,0,2,0
0,0,1,1,1,0,1,1,1,0,0,0
1,0,0,0,0,0,0,0,1,0,2,0
0,0,0,1,0,0,0,0,2,0,0,0
0,1,0,0,0,0,2,0,0,0,2,0
1,0,0,0,2,0,0,0,1,2,2,0
1,0,2,0,0,0,1,0,1,0,2,0
1,0,0,1,1,1,1,0,1,0,2,0
0,0,0,0,0,0,1,0,1,2,2,0
0,0,0,0,0,0,1,0,2,2,2,0
1,0,2,0,2,0,2,0,0,1,2,1
1,0,1,1,0,0,1,1,0,0,2,1
0,0,1,0,2,0,0,0,1,0,2,0
0,0,0,0,2,0,1,0,0,0,2,0
2,0,0,0,0,0,0,0,1,1,2,1
0,0,0,0,1,0,0,2,1,2,2,0
0,0,1,0,1,0,1,0,1,2,2,0
0,0,1,0,1,0,1,0,1,2,2,0
0,0,0,0,1,0,0,0,0,2,2,0
0,1,0,0,1,0,1,0,1,0,2,0
0,1,1,2,1,0,1,1,1,0,2,0
0,1,1,0,0,0,2,0,0,1,0,1
2,2,0,1,1,0,2,0,1,1,2,1
0,0,1,1,0,1,1,1,0,1,0,0
0,1,0,0,0,0,1,1,2,1,2,0
0,0,0,0,0,0,0,1,1,2,0,0
0,0,0,1,0,0,1,0,1,1,2,0
0,0,0,1,2,0,0,0,1,1,2,0
0,1,1,0,0,0,1,1,1,1,0,0
0,0,1,0,0,0,1,0,2,2,2,0
1,0,0,0,0,0,1,1,0,1,2,0
0,0,2,2,1,1,1,0,2,2,2,0
0,0,0,0,0,0,1,1,2,0,2,1
1,0,1,0,2,0,0,0,1,2,2,0
0,0,1,0,1,1,1,2,1,2,0,0
0,0,1,0,1,1,0,1,1,2,0,0
0,0,0,0,2,1,1,1,1,2,0,0
0,1,0,0,1,0,0,0,0,2,2,1
0,0,0,0,1,0,0,1,1,0,0,0
0,0,0,1,0,0,1,0,0,1,0,1
0,1,0,1,2,0,1,0,2,0,2,0
0,1,0,0,0,0,2,0,0,1,2,0
0,0,0,0,0,0,2,0,2,1,2,0
0,1,0,0,0,0,1,1,1,1,2,0
0,0,0,0,0,0,1,1,1,1,2,0
0,0,0,0,0,1,1,0,2,1,0,0
0,0,0,0,1,0,0,1,0,0,2,0
0,0,0,0,2,0,1,2,0,0,0,0
0,1,0,0,2,0,1,1,1,0,0,0
0,0,0,1,1,2,0,1,0,1,2,1
0,1,1,0,1,1,1,0,1,2,0,1
2,0,0,0,1,0,0,1,0,0,2,0
0,0,1,2,1,0,0,0,0,2,2,0
0,0,1,2,1,1,0,0,0,2,2,0
0,0,1,2,1,0,0,0,1,2,0,0
2,1,1,0,0,0,0,0,0,1,2,0
0,0,0,1,1,0,1,0,0,0,0,0
0,1,1,1,0,1,1,0,1,2,2,0
0,0,0,0,1,0,1,0,1,2,2,0
0,1,0,0,0,0,2,0,0,2,0,0
1,0,0,1,1,0,1,0,2,0,2,1
0,0,0,0,1,0,2,0,0,1,2,0
0,0,1,0,1,1,1,1,1,1,2,0
1,0,0,0,1,0,2,1,1,1,2,0
1,1,0,0,2,0,0,0,0,0,2,1
0,1,0,2,1,0,2,1,1,1,0,0
0,2,1,2,1,0,2,1,0,1,2,0
0,0,1,2,1,0,2,0,1,2,0,0
0,0,1,1,0,0,1,1,0,2,2,1
0,0,0,0,0,0,2,2,0,1,0,0
1,0,1,0,0,0,0,0,2,2,2,0
0,1,1,0,1,0,1,0,0,1,0,1
0,0,0,2,1,0,1,0,0,1,0,0
0,2,0,1,1,0,2,1,0,0,0,1
0,1,0,1,0,0,1,1,1,1,0,0
2,1,1,1,1,0,2,0,0,1,0,1
0,0,1,1,1,0,1,1,2,2,0,1
0,0,0,1,1,0,1,0,1,2,2,0
1,0,2,0,0,0,0,0,2,2,2,0
0,0,1,0,1,0,2,0,2,1,2,0
2,0,2,0,1,0,1,0,1,2,0,0
0,0,0,0,0,0,1,0,1,1,0,0
0,0,2,0,0,0,2,0,2,1,0,0
0,0,2,0,0,0,2,0,2,2,0,0
0,2,0,1,1,0,1,0,1,2,0,1
0,0,0,0,0,1,1,0,1,1,0,1
0,0,1,1,1,0,1,0,2,1,0,0
1,0,0,1,1,0,0,1,0,0,2,0
0,0,0,0,0,0,0,0,0,1,2,0
2,0,1,1,1,0,0,1,1,0,0,1
0,0,1,0,2,0,0,0,0,0,0,0
0,0,0,1,1,0,2,1,0,1,2,0
0,0,0,1,0,0,2,1,1,1,0,0
1,0,0,0,1,0,1,0,0,1,2,1
0,1,0,0,0,1,0,1,0,1,0,0
0,1,0,0,2,0,0,0,0,2,2,0
0,0,1,1,1,0,1,0,0,0,2,0
0,0,1,0,2,0,1,1,1,1,2,0
0,1,1,1,2,0,1,1,1,2,2,0
0,0,0,0,1,0,2,0,1,0,0,0
0,0,1,0,1,0,2,0,2,1,0,0
0,0,1,1,1,0,0,0,0,1,2,0
0,0,1,0,2,0,1,0,1,0,0,0
1,0,0,1,0,0,2,1,1,1,2,0
1,0,0,1,1,0,2,1,2,1,2,0
0,0,2,1,1,0,0,0,1,0,2,0
0,0,0,0,0,0,1,0,0,0,0,0
0,0,1,0,0,0,1,0,0,0,0,1
0,0,1,2,1,0,2,0,0,2,0,0
0,0,1,0,1,0,1,0,2,1,0,0
0,1,0,2,0,0,1,0,0,2,2,1
2,0,0,0,2,0,1,1,1,0,2,0
0,1,0,0,1,0,1,0,2,0,2,0
0,1,0,1,0,0,1,0,0,2,0,0
0,0,0,0,0,0,1,0,2,0,0,0
0,1,1,0,1,1,0,0,0,1,2,0
0,0,2,1,1,0,1,0,0,1,2,0
0,0,1,0,0,0,0,0,1,1,0,0
0,0,1,0,0,0,1,0,1,0,0,0
1,0,1,1,1,0,1,0,2,1,2,0
1,0,0,0,1,0,0,1,1,1,2,0
0,0,0,0,0,0,0,0,0,2,2,0
1,0,1,0,1,0,0,0,0,1,2,1
0,0,1,1,0,0,1,0,0,1,2,0
1,0,0,0,0,1,1,0,0,1,2,0
0,0,0,1,0,0,1,1,2,0,0,0
1,0,1,1,1,0,1,1,1,0,2,1
0,1,1,2,0,0,1,0,1,1,0,0
2,0,0,1,0,0,0,0,1,0,0,0
0,0,0,1,2,1,1,1,1,2,2,0
0,0,0,0,0,0,1,1,0,1,2,1
2,0,1,0,1,0,2,1,0,1,0,0
0,0,1,0,0,0,1,1,0,0,2,0
0,0,2,0,0,0,1,1,0,0,2,0
1,0,0,0,0,1,1,0,1,2,2,0
0,0,1,0,0,0,0,0,0,1,2,0
0,0,0,1,0,0,1,0,1,0,2,0
0,0,2,0,2,1,1,0,1,1,2,1
0,0,1,1,0,0,1,0,1,0,0,0
0,1,0,0,1,0,1,1,1,0,2,0
0,1,0,0,0,0,1,1,1,1,2,0
0,1,0,0,1,0,1,0,1,0,2,0
0,0,1,0,0,0,1,0,0,0,2,0
1,2,1,1,0,0,2,0,0,0,2,0
0,1,1,0,0,0,2,1,0,0,2,0
2,1,1,0,0,0,1,1,0,1,0,0
0,0,0,0,0,0,1,2,0,1,0,0
0,0,1,0,0,1,1,0,0,0,2,0
0,0,1,0,1,0,1,0,1,1,0,0
0,0,0,0,0,0,2,1,1,1,0,0
0,0,0,0,0,0,1,1,1,1,0,1
1,0,0,0,0,1,0,0,0,1,2,1
2,0,0,1,0,0,1,0,0,2,0,0
0,0,0,0,0,0,2,1,1,1,2,0
0,0,1,0,1,0,2,0,1,1,2,0
0,0,0,0,1,0,1,1,2,1,2,0
0,0,0,0,1,0,1,0,0,0,0,0
1,1,0,1,1,0,1,0,0,1,2,0
0,1,0,0,2,0,1,0,1,2,2,0
0,0,0,1,1,1,1,0,1,1,0,1
0,0,0,1,1,0,0,1,0,0,2,1
2,1,0,1,0,1,1,0,1,0,2,1
2,1,0,2,0,0,1,0,1,0,0,0
1,1,0,1,0,0,0,0,1,1,2,1
2,0,1,1,0,0,1,1,2,0,0,0
2,0,0,1,0,0,1,0,1,1,0,1
0,0,0,1,0,0,0,1,1,2,0,0
0,0,0,0,1,0,0,1,0,2,2,1
0,2,0,0,1,0,1,0,0,0,0,1
0,1,0,1,0,0,0,0,1,1,0,1
0,0,0,0,1,1,0,0,2,1,2,0
2,0,1,1,0,0,1,0,1,2,0,1
0,1,1,2,0,0,1,1,1,0,0,0
0,0,0,0,1,0,0,1,0,1,2,0
0,0,0,0,0,0,0,0,1,1,2,0
0,0,0,0,1,0,1,1,0,1,2,0
0,0,0,0,1,1,2,0,2,1,0,0
0,0,0,0,0,0,1,1,2,2,2,0
1,1,1,1,1,0,1,0,1,0,2,0
0,0,0,1,2,0,1,0,0,0,0,0
0,1,1,0,0,0,1,0,0,0,2,0
2,0,0,0,0,0,1,0,2,1,0,0
0,0,0,0,0,0,1,0,0,1,2,0
0,0,1,0,0,0,0,0,1,2,0,1
0,0,1,1,0,0,1,1,1,0,2,0
1,0,2,1,0,0,0,0,0,2,2,0
0,0,1,0,0,0,1,1,0,0,2,0
0,0,1,0,0,1,1,1,0,1,0,0
1,0,1,1,2,0,2,0,0,2,2,0
2,0,1,1,2,0,0,0,0,2,0,0
0,0,0,0,0,0,0,0,1,1,2,0
0,2,0,1,1,0,1,0,1,1,2,0
0,1,1,0,1,0,1,0,1,2,0,0
0,0,1,0,1,0,0,0,0,1,0,0
0,0,0,0,1,0,1,0,1,1,2,0
0,0,0,1,0,0,2,1,1,0,2,0
1,1,1,0,0,0,1,1,1,0,2,0
0,0,1,0,0,0,1,1,1,0,0,0
2,0,1,2,0,0,1,0,0,1,2,0
2,0,0,2,0,0,0,0,0,1,2,0
0,1,0,1,1,0,1,1,0,2,2,0
0,0,1,0,0,0,0,0,0,1,2,1
0,0,0,0,1,0,1,0,1,0,2,0
0,0,1,0,0,0,0,0,0,1,0,0
0,0,1,0,1,0,0,0,0,1,0,0
1,0,0,2,1,1,2,1,0,0,2,0
0,1,1,0,1,0,2,1,2,0,0,0
0,0,0,1,1,0,1,0,1,1,0,0
0,0,0,0,0,0,1,1,0,0,2,0
0,0,0,0,0,0,1,1,0,1,0,0
0,1,1,0,2,0,1,0,2,1,2,0
0,0,0,0,0,0,0,0,1,1,0,0
1,1,0,1,1,0,1,1,0,0,2,0
0,0,1,1,2,0,2,1,0,2,0,0
0,1,1,0,0,0,1,1,0,0,0,0
0,0,0,1,0,0,0,1,0,1,2,0
0,0,0,0,1,0,1,2,0,2,0,0
0,0,0,0,1,0,0,0,0,0,2,0
0,0,1,1,0,0,2,1,0,0,2,0
0,0,0,1,1,0,2,0,1,1,0,1
0,0,1,0,1,0,2,1,1,0,0,0
0,0,0,2,1,0,2,1,1,1,0,0
0,0,1,1,0,0,1,0,1,1,0,0
0,0,1,1,0,0,1,0,0,0,2,0
1,0,0,0,1,0,0,1,0,0,2,0
0,0,0,0,1,0,0,2,0,0,2,0
1,0,1,0,0,0,0,0,0,0,2,0
0,0,1,0,1,0,1,0,1,2,2,0
0,0,1,0,2,1,1,0,0,1,0,0
0,0,1,0,2,0,0,0,1,2,0,0
0,0,1,0,0,1,2,0,2,0,0,0
1,0,2,1,0,0,2,0,1,1,2,0
0,0,0,0,1,1,1,0,1,0,0,0
2,0,0,0,2,0,2,0,1,0,0,0
0,0,0,0,1,0,1,1,0,1,0,0
0,0,0,0,0,0,0,1,0,0,2,0
0,0,0,0,1,0,0,2,0,0,2,0
0,0,0,0,0,0,1,0,0,1,2,0
0,0,1,0,1,0,1,1,1,0,0,0
0,0,0,0,0,0,0,0,1,1,0,0
0,0,2,0,1,0,0,0,1,0,0,0
2,0,1,0,1,0,1,1,1,0,0,0
1,0,0,0,0,0,1,1,0,0,2,0
0,0,0,2,1,0,1,0,1,1,0,1
0,0,1,0,0,0,0,1,2,1,2,1
0,0,0,1,0,0,0,1,2,0,0,0
0,0,1,1,0,1,0,0,1,2,0,0
0,0,2,1,0,0,0,0,2,2,2,0
0,0,0,1,0,0,1,1,1,1,0,1
0,0,0,0,2,0,1,0,2,1,0,0
0,0,0,1,1,0,2,0,1,2,2,0
0,0,1,1,0,1,0,0,1,0,0,0
0,0,0,0,1,0,1,0,2,1,2,0
1,0,0,1,0,0,1,0,1,1,2,0
0,2,1,0,2,0,0,1,0,0,2,1
0,0,1,0,2,0,2,0,0,2,0,0
0,1,1,0,0,0,2,0,1,1,0,1
2,0,0,0,1,0,1,0,2,1,0,0
1,1,1,0,0,1,1,1,1,1,2,0
0,0,0,1,1,0,1,0,0,0,0,0
1,0,0,0,1,0,0,1,0,1,2,0
0,1,2,0,2,1,2,0,2,0,0,0
0,0,0,1,0,0,2,0,0,0,0,0
0,1,1,0,1,0,1,0,2,0,2,0
0,0,1,1,1,0,0,0,1,1,0,0
0,1,0,1,1,0,0,1,0,1,0,0
0,0,1,0,0,0,1,1,1,0,2,0
0,0,1,0,1,0,1,1,1,0,2,0
1,1,1,1,1,0,0,0,1,0,2,1
2,0,1,0,2,0,0,0,1,1,0,0
0,0,1,1,1,0,0,1,1,0,2,1
1,1,0,1,0,0,1,1,2,0,2,1
1,1,1,0,1,0,1,0,1,1,2,0
0,1,0,0,1,0,1,1,0,0,0,0
0,0,0,0,1,0,1,0,1,1,2,0
0,0,0,0,2,0,2,0,2,0,2,1
0,0,0,0,1,0,2,1,1,1,2,0
0,0,1,1,0,0,2,1,1,1,2,0
0,2,0,1,1,0,1,0,0,0,0,1
0,1,0,1,0,0,1,2,2,0,0,1
1,0,1,1,0,0,1,0,2,1,2,0
0,1,0,1,1,0,0,0,1,1,0,0
0,0,1,1,2,0,0,0,0,1,0,0
0,0,1,0,2,0,0,0,0,1,2,0
1,0,1,0,0,0,2,0,1,0,2,0
0,0,1,0,1,0,2,0,1,0,2,0
0,1,0,0,1,0,2,1,0,0,0,0
0,0,0,0,1,1,1,1,0,1,2,1
1,0,1,0,0,0,0,1,1,2,2,0
0,0,0,0,2,1,2,1,0,0,0,0
0,0,1,2,1,1,1,0,0,2,2,0
0,0,0,0,1,1,2,1,1,0,0,0
0,0,1,1,1,0,1,1,1,2,0,0
0,0,0,1,2,0,2,0,1,0,0,0
0,0,1,1,1,0,2,0,1,0,2,0
0,0,1,0,2,0,2,0,1,0,0,0
0,0,1,0,0,0,1,1,1,1,2,1
0,0,1,0,1,0,2,1,2,1,0,0
0,2,0,0,1,0,0,1,0,0,0,0
1,0,0,0,1,0,1,0,0,0,2,1
0,0,2,0,0,0,0,1,0,1,2,0
0,1,2,1,0,0,2,0,2,0,2,0
0,1,1,0,2,0,2,1,0,1,2,0
0,0,0,0,0,1,2,0,1,0,0,0
0,0,1,0,1,1,2,1,0,1,2,0
0,0,1,0,1,1,2,1,0,0,2,0
0,1,0,0,0,0,1,0,1,0,0,0
0,0,1,1,0,0,1,0,1,1,2,0
1,0,1,0,1,0,1,0,2,0,2,0
1,0,1,1,0,0,0,1,1,0,2,0
0,0,0,0,0,1,0,0,1,0,2,0
1,0,1,2,1,0,0,0,1,0,2,0
0,0,0,1,0,1,0,0,1,0,2,0
2,1,2,1,2,0,1,0,0,0,0,0
0,0,0,1,1,0,1,1,1,0,2,0
0,1,1,1,1,0,0,0,0,0,0,0
2,0,0,1,0,0,1,0,1,0,0,0
0,0,2,0,1,0,1,0,0,0,0,0
0,1,1,1,1,1,0,0,1,0,0,1
1,2,0,1,1,0,1,1,2,2,2,0
0,0,0,0,1,0,1,0,1,0,2,0
0,0,1,1,0,0,0,0,1,1,0,1
0,0,2,0,0,1,2,0,0,0,0,0
1,0,0,1,0,0,0,0,0,0,2,0
0,1,1,0,1,0,1,1,1,1,0,0
1,0,0,0,2,0,1,0,0,0,2,0
2,1,0,0,1,0,1,0,0,1,0,1
0,0,1,1,0,0,2,1,2,1,0,0
2,0,1,1,2,0,2,0,1,2,0,1
1,0,0,0,2,0,1,0,1,1,2,0
1,0,0,1,0,0,0,1,0,1,2,1
0,1,0,0,0,0,2,0,0,0,2,0
0,0,0,0,0,0,2,1,0,2,0,0
0,0,2,0,1,0,0,0,1,0,2,1
0,1,0,1,1,0,0,0,2,0,0,1
0,0,0,0,0,0,1,1,1,1,2,0
0,0,1,1,1,0,0,0,1,1,0,1
0,0,0,0,1,0,0,0,1,2,2,0
0,0,0,0,1,0,1,0,1,2,2,0
0,0,0,0,0,0,1,0,0,1,0,1
0,1,0,1,1,0,1,0,0,1,2,0
0,0,0,0,1,0,1,1,2,0,0,0
0,0,0,1,1,0,0,0,1,1,2,0
0,0,0,2,0,0,2,0,1,1,2,1
1,0,1,0,1,1,0,0,1,2,2,0
0,0,2,1,0,0,2,1,0,0,2,0
0,0,0,0,0,0,2,0,1,2,0,0
0,0,0,1,0,0,2,0,2,2,2,0
0,0,0,1,0,0,2,1,1,2,2,0
0,0,0,1,0,0,2,1,2,2,2,0
0,1,0,0,0,1,0,0,1,0,2,0
0,1,0,0,0,0,2,1,2,0,2,1
0,0,2,0,1,1,1,1,1,1,2,0
0,0,2,0,1,1,1,1,1,1,2,0
1,1,2,1,0,1,1,0,0,0,2,0
0,0,0,0,1,1,1,0,0,0,2,0
0,0,1,0,1,0,2,0,1,0,0,0
0,0,0,0,2,0,0,0,1,1,2,0
0,0,0,0,1,0,0,0,1,0,2,1
0,1,1,1,1,0,0,0,2,0,2,0
2,0,1,1,0,0,1,0,1,0,0,0
1,0,1,0,1,0,1,1,0,0,2,0
1,1,0,0,1,0,0,1,0,1,2,0
1,0,0,0,1,1,2,1,1,1,2,1
0,0,0,1,1,0,1,1,1,1,0,0
0,2,1,1,0,0,1,1,1,1,0,0
1,1,1,0,1,0,2,0,1,0,2,0
2,0,0,0,1,0,1,1,1,1,0,0
1,0,1,0,0,0,0,0,2,0,2,0
0,0,1,0,1,0,1,0,1,1,0,0
1,1,0,1,1,0,1,1,0,1,2,0
0,0,0,0,0,0,1,0,1,0,0,0
0,1,2,0,1,0,1,0,1,0,0,1
0,1,0,0,2,0,1,1,1,0,2,1
2,0,0,0,1,0,1,0,0,2,0,1
2,0,1,0,1,0,0,0,0,0,0,1
0,0,1,0,1,0,2,0,0,1,0,1
0,0,2,1,0,0,1,0,1,2,2,1
0,1,2,0,0,0,1,0,0,0,2,1
2,0,0,2,0,0,0,0,1,1,0,0
0,0,0,0,0,0,0,1,2,0,2,0
0,0,0,0,1,0,1,0,2,0,0,1
1,0,0,2,0,0,2,0,0,0,2,0
1,0,1,0,1,0,0,1,1,0,2,0
0,0,0,0,1,0,0,0,1,0,0,1
0,0,0,0,0,0,2,2,0,0,2,1
0,0,1,0,1,0,1,0,0,1,0,1
0,0,2,0,2,0,1,1,1,0,0,0
0,0,1,0,0,0,1,0,1,0,2,0
0,0,0,1,0,0,1,0,1,0,0,1
2,0,1,0,1,0,1,0,2,1,0,1
0,0,0,1,0,1,1,0,0,0,2,1
0,0,0,1,0,0,2,0,1,0,0,1
0,0,0,1,2,0,0,0,0,0,0,0
0,0,0,1,1,0,0,1,1,0,2,1
0,0,0,1,1,0,1,1,0,0,2,0
1,0,1,0,2,0,2,1,0,1,2,0
0,0,2,0,0,0,0,1,0,1,0,0
1,0,1,0,0,0,0,1,0,0,2,0
0,0,1,0,0,0,1,0,1,0,2,0
1,0,0,1,2,0,1,1,2,2,2,0
1,0,0,0,0,0,2,1,1,1,2,0
1,0,0,0,1,0,1,1,0,1,2,0
0,0,1,0,1,0,0,0,1,0,0,0
0,2,0,1,0,0,1,0,1,2,0,1
1,0,0,0,0,0,0,0,0,2,2,1
0,0,2,1,0,0,1,0,0,1,2,1
0,0,1,0,0,0,1,1,2,1,0,1
0,0,0,1,1,0,1,1,2,1,2,0
1,0,1,1,1,0,2,0,1,0,2,1
0,2,1,2,0,0,0,0,1,2,2,1
1,1,1,1,0,0,0,0,0,1,2,0
1,1,0,1,0,0,1,0,0,2,2,1
0,0,0,2,0,0,1,0,0,1,0,1
0,0,0,1,0,0,1,0,1,1,0,0
0,0,1,0,1,0,1,0,0,0,0,0
2,0,2,0,2,0,1,0,0,0,0,0
1,0,2,0,1,0,1,1,0,1,2,0
0,0,0,1,2,0,1,0,0,1,2,0
0,0,1,1,1,0,1,0,0,1,2,0
2,0,1,1,0,0,0,0,2,1,0,1
0,0,0,0,1,1,0,0,0,0,2,0
0,1,0,0,1,0,0,0,1,0,0,0
0,0,1,1,1,0,0,0,0,0,0,0
0,0,0,1,1,1,2,1,1,2,0,0
0,0,0,1,1,0,1,0,0,1,2,0
0,0,1,1,1,0,0,0,2,0,2,0
1,0,0,1,0,1,1,0,2,2,2,0
0,0,2,1,0,0,1,0,0,1,2,0
0,0,1,0,1,1,1,0,0,0,0,0
0,0,1,0,1,0,1,0,0,1,0,0
0,0,1,0,1,0,1,0,2,0,2,1
2,0,1,1,0,0,0,1,1,1,0,0
1,0,1,0,1,0,0,0,1,2,2,0
0,0,0,0,0,0,0,1,0,0,2,1
0,1,0,1,1,0,0,0,1,1,2,0
0,0,1,0,0,0,1,1,1,1,2,0
0,0,0,0,0,1,0,0,1,1,0,0
0,0,1,1,0,0,0,0,0,1,2,1
0,1,0,0,2,0,1,1,2,1,2,0
0,0,1,1,1,0,1,1,0,1,2,1
0,1,0,0,0,0,1,0,1,0,2,1
2,0,0,0,0,0,0,0,1,1,0,0
2,0,1,1,2,1,1,0,1,2,0,0
0,0,0,1,1,0,1,0,2,1,0,1
0,2,1,0,0,0,1,0,0,1,2,0
1,0,0,0,0,0,1,1,1,0,2,1
0,0,0,0,1,0,1,0,0,2,2,0
1,0,1,0,0,1,1,1,0,0,2,1
1,0,1,1,0,0,0,0,1,0,2,0
1,1,1,1,0,0,0,0,0,0,2,0
0,1,0,0,0,0,0,0,0,0,2,0
0,0,0,0,1,0,1,0,0,2,2,0
0,0,0,0,0,0,1,0,1,0,0,0
0,0,1,1,1,0,2,0,1,0,0,0
2,0,1,1,1,0,1,0,0,1,0,0
1,0,0,1,0,0,1,0,2,1,2,0
0,0,0,0,1,0,1,1,2,2,0,0
0,0,1,1,1,0,1,1,2,2,0,0
0,0,0,0,1,0,2,1,1,1,2,0
0,0,0,0,0,0,0,0,2,0,2,0
1,1,0,0,0,0,0,1,1,0,2,0
0,0,1,0,0,1,1,0,2,2,2,0
0,1,0,1,1,0,2,1,2,2,0,1
0,0,0,1,0,0,0,0,0,1,2,1
2,0,1,0,0,0,2,1,2,2,2,1
2,0,0,1,1,0,1,1,0,0,0,1
2,0,1,0,2,0,2,0,1,0,0,0
0,1,0,0,0,0,0,1,0,0,0,0
0,0,1,0,1,0,1,0,0,1,2,0
0,0,1,1,0,0,1,0,0,1,2,0
0,0,0,0,0,0,1,0,1,2,2,0
1,0,1,0,0,0,1,0,1,0,2,0
1,0,0,1,0,0,0,0,1,1,2,0
1,0,0,2,0,0,1,1,2,1,2,0
0,1,0,0,1,0,0,0,1,2,0,0
0,1,0,0,1,0,1,0,0,0,2,0
0,0,0,0,2,0,1,0,1,1,2,0
0,0,0,0,2,0,1,1,2,0,2,0
0,1,0,1,1,0,1,0,0,1,2,0
2,2,1,0,0,0,1,0,0,0,2,1
0,1,0,1,1,0,1,1,2,1,2,0
0,0,1,0,0,0,1,0,1,1,2,0
0,0,0,0,0,1,1,1,1,1,2,0
0,0,0,0,2,0,1,1,1,0,0,1
0,0,0,1,1,0,1,1,1,2,2,1
1,0,1,0,0,0,1,0,1,1,2,0
0,1,0,1,0,0,2,1,2,1,2,0
0,0,0,0,1,0,1,0,1,1,2,0
1,0,0,0,0,0,2,1,1,1,2,1
1,0,1,1,1,0,1,1,1,1,2,1
0,0,0,0,0,0,0,0,1,0,0,0
0,0,1,0,2,0,1,0,1,1,2,0
0,0,0,0,1,0,1,0,0,0,0,0
0,0,0,0,2,0,1,0,0,2,0,1
0,0,1,0,0,0,0,1,2,0,2,0
0,1,1,0,0,0,1,2,1,1,2,0
0,0,0,1,1,0,0,0,1,1,0,1
0,0,1,0,0,0,0,0,1,1,0,0
0,0,0,0,0,0,1,2,2,1,2,0
1,1,1,1,1,0,0,0,0,1,2,1
0,0,1,0,1,0,0,1,2,1,2,0
0,0,0,1,0,0,2,0,2,1,0,1
2,0,1,0,1,0,0,0,2,1,2,0
0,0,0,1,0,0,1,0,2,2,0,0
2,0,0,0,2,0,1,1,1,1,2,0
0,1,0,0,1,0,0,0,0,0,0,1
0,0,0,0,0,0,0,0,0,1,2,1
0,0,0,0,0,0,0,0,2,1,0,0
0,0,0,0,0,0,1,0,1,0,0,0
1,0,1,0,0,0,1,0,0,1,2,0
2,1,0,0,1,0,0,1,1,0,0,0
2,1,1,0,1,0,0,0,2,1,0,0
0,0,0,0,0,0,1,0,0,2,0,1
0,0,0,0,1,0,0,0,1,1,2,0
0,0,1,1,1,0,0,1,0,1,2,0
1,0,1,1,1,0,2,1,0,1,2,0
0,0,1,0,0,0,1,0,1,1,0,0
0,0,0,1,1,0,2,1,1,1,2,1
0,1,0,0,0,0,1,1,1,0,0,0
0,0,1,2,1,0,0,1,1,2,0,1
1,1,0,1,2,0,1,0,0,0,2,0
0,0,1,2,0,0,2,1,0,0,0,0
1,0,1,1,1,0,0,1,2,0,2,1
0,0,0,0,0,0,2,0,1,1,0,1
1,0,0,0,0,0,1,0,1,1,2,0
1,0,0,0,0,0,0,0,1,1,2,0
0,0,0,0,1,0,1,0,1,2,0,0
2,0,0,1,1,0,0,0,0,1,0,0
0,0,0,1,1,0,0,1,0,2,0,0
0,1,1,0,0,0,0,1,0,1,2,0
0,0,1,1,1,0,2,0,1,0,2,0
0,1,1,1,1,1,2,0,1,0,2,0
2,1,0,1,1,0,1,0,0,0,0,0
0,0,2,1,0,0,0,0,1,2,0,0
0,1,1,0,0,0,2,0,1,0,0,0
0,1,0,0,1,0,1,1,2,1,0,0
0,1,1,0,0,0,2,1,0,0,0,0
1,1,1,0,0,0,0,1,0,1,2,1
0,1,0,0,0,0,1,0,1,0,0,0
0,0,0,0,1,1,1,0,0,1,2,0
0,0,2,0,1,0,1,0,2,0,2,0
2,0,0,1,1,0,1,0,2,2,0,0
0,0,0,1,0,0,2,0,2,0,2,0
1,1,0,0,1,0,1,1,1,1,2,1
0,0,0,1,1,0,1,0,1,1,0,0
0,0,0,0,0,0,0,0,2,1,0,0
1,0,0,1,1,0,0,2,2,0,2,1
0,0,0,0,0,1,1,0,0,1,0,1
0,0,2,0,0,1,0,1,1,1,2,0
0,0,0,1,1,0,1,0,0,0,2,0
0,0,0,0,0,0,1,1,1,1,0,0
1,0,0,0,1,0,1,0,0,2,2,0
2,0,0,0,1,0,1,0,0,1,0,1
1,0,0,0,0,0,2,0,0,2,2,0
0,0,1,0,0,0,1,0,2,0,0,1
2,1,2,0,0,0,1,1,2,1,0,0
0,1,0,1,0,0,1,0,2,1,0,1
2,1,0,1,1,0,0,0,1,2,0,0
2,0,1,0,1,0,1,0,2,1,0,0
0,0,0,0,1,1,2,0,2,1,2,0
2,1,1,0,0,0,2,1,1,0,0,1
1,0,0,2,1,0,0,0,0,0,2,1
0,0,1,0,1,1,1,1,1,1,2,0
0,0,0,1,1,0,1,1,1,0,0,1
0,0,0,1,0,0,2,0,2,0,2,0
0,1,0,1,0,0,2,0,0,0,2,0
0,0,1,0,0,0,1,1,1,0,0,0
0,0,0,0,0,0,1,0,1,1,2,1
0,2,0,0,0,0,2,0,0,1,0,0
0,1,1,1,1,0,2,0,1,1,0,0
0,0,1,0,2,0,1,1,0,1,2,1
1,1,2,0,0,0,0,0,1,0,2,0
0,0,2,0,1,1,1,0,1,0,0,0
0,0,1,1,0,1,1,0,1,0,2,0
0,0,2,1,2,0,0,1,2,1,2,0
1,0,1,1,1,0,2,2,1,2,2,0
0,0,0,0,1,0,1,0,1,2,2,0
0,0,0,2,0,0,0,1,0,1,0,0
0,1,0,1,0,0,0,0,1,1,2,0
0,1,2,1,1,1,1,0,0,0,0,0
0,0,0,0,0,0,0,0,1,1,0,0
1,0,2,1,0,0,0,2,1,2,2,0
0,0,1,1,0,0,0,1,1,1,0,1
1,0,0,0,2,0,1,0,0,1,2,0
0,0,0,0,1,0,1,0,0,2,0,0
1,0,1,0,1,0,1,0,1,2,2,0
0,1,0,0,1,0,2,0,1,1,2,0
0,0,1,0,0,0,1,0,1,1,0,0
0,0,1,0,1,0,1,0,1,1,2,0
0,0,1,0,1,0,1,0,1,2,0,0
0,0,1,0,0,1,1,0,1,0,0,0
1,0,0,0,0,0,2,1,2,0,2,0
0,0,0,1,0,0,2,0,2,0,0,0
2,0,0,1,0,0,1,1,2,0,2,0
0,0,0,0,0,0,1,0,1,1,2,1
2,1,0,0,1,0,2,1,1,0,0,0
0,0,1,0,1,1,1,0,1,0,0,0
0,0,0,1,0,0,1,1,1,0,2,0
0,0,0,0,1,0,2,2,1,0,2,0
0,0,1,0,1,0,0,2,1,0,2,0
0,0,1,1,0,0,1,1,0,0,2,0
2,0,1,1,1,0,0,1,1,0,0,0
0,1,2,1,0,1,1,0,1,0,0,0
0,0,0,1,1,0,1,0,1,0,0,0
0,0,0,1,2,0,1,0,1,0,0,0
2,0,0,0,1,0,0,1,0,0,0,0
1,0,0,1,0,0,1,0,1,0,2,0
1,0,1,0,1,0,2,0,2,2,2,0
0,0,1,2,0,0,2,0,1,1,2,0
1,0,0,1,1,0,0,1,0,1,2,0
0,0,1,0,1,0,2,0,2,1,2,0
1,0,1,1,0,0,1,1,0,1,2,0
0,0,0,0,0,0,0,0,1,0,0,0
1,0,1,1,0,0,2,0,1,1,2,0
0,0,0,0,1,0,2,1,2,1,0,1
0,0,1,0,0,0,1,0,1,1,0,0
2,0,1,0,0,0,1,0,0,0,0,0
1,0,0,0,0,0,1,0,0,0,2,0
1,0,0,0,0,1,1,0,0,0,2,0
1,0,0,0,0,0,0,0,1,2,2,0
2,1,1,0,1,0,0,0,1,2,0,0
0,0,2,0,1,0,1,0,0,1,2,1
0,0,1,1,0,0,1,0,0,0,0,0
2,1,0,0,0,0,1,1,2,1,0,0
0,0,2,0,1,0,0,0,2,1,0,0
1,0,0,0,1,0,2,1,0,0,2,0
0,0,0,0,0,0,2,0,0,1,2,0
0,0,1,2,0,0,0,1,2,1,2,0
2,0,0,0,1,1,2,1,1,0,0,0
0,1,0,0,0,1,2,0,1,2,0,1
0,0,1,0,1,0,0,0,1,1,0,0
0,1,0,1,0,0,1,2,1,1,0,0
2,0,0,0,0,1,0,0,2,0,0,0
2,0,0,0,0,0,0,0,1,1,0,0
1,0,1,0,0,1,1,0,1,1,0,0
1,0,0,0,0,0,0,1,2,0,2,0
0,0,0,1,0,0,2,0,1,1,0,0
0,1,2,2,0,1,1,0,0,1,0,1
0,0,0,0,0,1,1,0,2,1,0,1
0,1,1,0,1,0,1,0,0,2,2,1
0,0,2,1,0,1,1,1,0,1,2,0
0,0,0,0,0,0,1,0,1,1,0,0
2,0,0,1,1,0,0,1,0,1,0,0
0,0,0,0,0,0,1,0,0,1,0,0
1,0,1,0,1,0,2,0,1,0,2,0
1,0,1,1,1,1,1,0,1,1,2,0
2,0,1,1,0,0,1,0,0,1,0,0
0,0,0,1,1,0,0,0,0,0,0,0
0,0,1,1,1,0,1,0,1,0,0,0
0,1,2,0,2,0,0,2,1,0,2,0
0,1,1,1,0,0,0,0,0,2,2,0
0,0,0,0,1,0,2,1,0,2,0,0
0,0,0,0,1,0,0,1,1,1,0,0
0,1,1,0,0,0,1,0,1,2,2,0
0,0,2,0,2,0,1,1,2,0,0,0
2,0,1,1,0,0,1,1,1,0,0,0
0,1,1,0,2,0,2,0,2,1,0,0
0,0,1,0,1,0,2,0,0,1,0,0
0,1,0,0,0,0,0,0,0,1,2,0
1,0,0,1,2,0,1,0,0,2,2,0
1,0,1,0,0,0,1,0,0,0,2,1
0,0,0,0,2,0,1,0,0,0,0,0
0,1,0,1,2,0,1,1,1,1,0,0
0,0,0,1,0,0,0,0,1,0,2,0
2,0,1,0,1,0,2,0,1,1,0,0
1,0,1,0,0,0,0,0,1,1,2,0
1,0,1,0,0,0,2,0,0,0,2,0
1,0,0,1,1,0,2,1,2,0,2,1
1,1,0,0,1,0,1,0,0,2,2,0
2,1,1,0,0,0,2,1,1,0,0,0
1,0,1,0,0,0,0,0,0,2,2,0
2,1,0,0,0,0,0,0,1,0,0,0
0,0,1,0,0,0,1,2,2,0,2,1
0,0,0,1,1,0,2,1,0,1,2,0
2,0,0,0,1,0,2,0,1,1,0,0
2,0,0,1,0,0,0,0,0,2,2,0